{
  "lang":"pt",
  "name":"pipeline",
  "version":"0.0.0",
  "spacy_version":">=3.8.3,<3.9.0",
  "description":"",
  "author":"",
  "email":"",
  "url":"",
  "license":"",
  "spacy_git_version":"be0fa81",
  "vectors":{
    "width":0,
    "vectors":0,
    "keys":0,
    "name":null,
    "mode":"default"
  },
  "labels":{
    "entity_ruler":[

    ],
    "ner":[
      "NOME_PACIENTE"
    ]
  },
  "pipeline":[
    "entity_ruler",
    "ner"
  ],
  "components":[
    "entity_ruler",
    "ner"
  ],
  "disabled":[

  ]
}