{
  "lang":"pt",
  "name":"pipeline",
  "version":"0.0.0",
  "spacy_version":">=3.8.3,<3.9.0",
  "description":"",
  "author":"",
  "email":"",
  "url":"",
  "license":"",
  "spacy_git_version":"be0fa81",
  "vectors":{
    "width":0,
    "vectors":0,
    "keys":0,
    "name":null,
    "mode":"default"
  },
  "labels":{
    "tok2vec":[

    ],
    "ner":[
      "TEMPO_AFASTAMENTO"
    ]
  },
  "pipeline":[
    "tok2vec",
    "ner"
  ],
  "components":[
    "tok2vec",
    "ner"
  ],
  "disabled":[

  ],
  "performance":{
    "ents_f":0.9979381443,
    "ents_p":0.9958847737,
    "ents_r":1.0,
    "ents_per_type":{
      "TEMPO_AFASTAMENTO":{
        "p":0.9958847737,
        "r":1.0,
        "f":0.9979381443
      }
    },
    "tok2vec_loss":77.1544783687,
    "ner_loss":45.7177958185
  }
}