{
  "lang":"pt",
  "name":"pipeline",
  "version":"0.0.0",
  "spacy_version":">=3.8.3,<3.9.0",
  "description":"",
  "author":"",
  "email":"",
  "url":"",
  "license":"",
  "spacy_git_version":"be0fa81",
  "vectors":{
    "width":0,
    "vectors":0,
    "keys":0,
    "name":null,
    "mode":"default"
  },
  "labels":{
    "tok2vec":[

    ],
    "ner":[
      "CID"
    ]
  },
  "pipeline":[
    "tok2vec",
    "ner"
  ],
  "components":[
    "tok2vec",
    "ner"
  ],
  "disabled":[

  ],
  "performance":{
    "ents_f":0.9893617021,
    "ents_p":0.9893617021,
    "ents_r":0.9893617021,
    "ents_per_type":{
      "CID":{
        "p":0.9893617021,
        "r":0.9893617021,
        "f":0.9893617021
      }
    },
    "tok2vec_loss":5.0166403621,
    "ner_loss":3.171527227
  }
}