{
  "lang":"pt",
  "name":"pipeline",
  "version":"0.0.0",
  "spacy_version":">=3.8.3,<3.9.0",
  "description":"",
  "author":"",
  "email":"",
  "url":"",
  "license":"",
  "spacy_git_version":"be0fa81",
  "vectors":{
    "width":0,
    "vectors":0,
    "keys":0,
    "name":null,
    "mode":"default"
  },
  "labels":{
    "tok2vec":[

    ],
    "ner":[
      "HORARIO_FIM_ATENDIMENTO",
      "HORARIO_INICIO_ATENDIMENTO"
    ]
  },
  "pipeline":[
    "tok2vec",
    "ner"
  ],
  "components":[
    "tok2vec",
    "ner"
  ],
  "disabled":[

  ],
  "performance":{
    "ents_f":0.9867256637,
    "ents_p":0.9867256637,
    "ents_r":0.9867256637,
    "ents_per_type":{
      "HORARIO_INICIO_ATENDIMENTO":{
        "p":0.9780701754,
        "r":0.9955357143,
        "f":0.9867256637
      },
      "HORARIO_FIM_ATENDIMENTO":{
        "p":0.9955357143,
        "r":0.9780701754,
        "f":0.9867256637
      }
    },
    "tok2vec_loss":96.6145567743,
    "ner_loss":110.6720795885
  }
}