{
  "lang":"pt",
  "name":"pipeline",
  "version":"0.0.0",
  "spacy_version":">=3.8.3,<3.9.0",
  "description":"",
  "author":"",
  "email":"",
  "url":"",
  "license":"",
  "spacy_git_version":"be0fa81",
  "vectors":{
    "width":0,
    "vectors":0,
    "keys":0,
    "name":null,
    "mode":"default"
  },
  "labels":{
    "tok2vec":[

    ],
    "ner":[
      "COREN",
      "CREFITO",
      "CRFa",
      "CRM",
      "CRO",
      "CRP"
    ]
  },
  "pipeline":[
    "tok2vec",
    "ner"
  ],
  "components":[
    "tok2vec",
    "ner"
  ],
  "disabled":[

  ],
  "performance":{
    "ents_f":0.9936575053,
    "ents_p":0.9915611814,
    "ents_r":0.9957627119,
    "ents_per_type":{
      "CRM":{
        "p":0.9846153846,
        "r":0.992248062,
        "f":0.9884169884
      },
      "CREFITO":{
        "p":1.0,
        "r":1.0,
        "f":1.0
      },
      "CRP":{
        "p":1.0,
        "r":1.0,
        "f":1.0
      },
      "COREN":{
        "p":1.0,
        "r":1.0,
        "f":1.0
      },
      "CRO":{
        "p":1.0,
        "r":1.0,
        "f":1.0
      },
      "CRFa":{
        "p":1.0,
        "r":1.0,
        "f":1.0
      }
    },
    "tok2vec_loss":67.6096479045,
    "ner_loss":35.3965612307
  }
}